<?xml version="1.0" encoding="utf-8"?>
<!DOCTYPE hibernate-mapping PUBLIC "-//Hibernate/Hibernate Mapping DTD 3.0//EN"
"http://hibernate.sourceforge.net/hibernate-mapping-3.0.dtd">
<!-- 
    Mapping file autogenerated by MyEclipse Persistence Tools
-->
<hibernate-mapping>
    <class name="com.entity.Book" table="book" catalog="Library">
        <id name="bookNo" type="java.lang.Integer">
            <column name="bookNo" />
            <generator class="assigned"></generator>
        </id>
        <property name="title" type="java.lang.String">
            <column name="title" length="64" not-null="true" />
        </property>
        <property name="plot" type="java.lang.String">
            <column name="plot" length="128" not-null="false"/>
        </property>
         <property name="state" type="java.lang.Integer">
            <column name="state" length="128" not-null="false"/>
        </property>
        <set name="borrows" inverse="true">
            <key>
                <column name="bookNo" />
            </key>
            <one-to-many class="com.entity.Borrow" />
        </set>
    </class>
</hibernate-mapping>
