<?xml version="1.0" encoding="utf-8"?>
<!DOCTYPE hibernate-mapping PUBLIC "-//Hibernate/Hibernate Mapping DTD 3.0//EN"
"http://hibernate.sourceforge.net/hibernate-mapping-3.0.dtd">
<!-- 
    Mapping file autogenerated by MyEclipse Persistence Tools
-->
<hibernate-mapping>
    <class name="com.entity.Borrow" table="borrow" catalog="Library">
        <id name="id" type="java.lang.Integer">
            <column name="id" />
            <generator class="increment"></generator>
        </id>
         <property name="userNo" type="java.lang.Integer">
            <column name="userNo" length="6" not-null="true" />
        </property>
         <property name="bookNo" type="java.lang.Integer">
            <column name="bookNo" length="8" not-null="false" />
        </property>
        <property name="borrowDate" type="java.util.Date">
            <column name="borrowDate" length="10" not-null="true" />
        </property>
        <property name="returnDate" type="java.util.Date">
            <column name="returnDate" length="10" not-null="true" />
        </property>
    </class>
</hibernate-mapping>
