<?xml version="1.0" encoding="utf-8"?>
<!DOCTYPE hibernate-mapping PUBLIC "-//Hibernate/Hibernate Mapping DTD 3.0//EN"
"http://hibernate.sourceforge.net/hibernate-mapping-3.0.dtd">
<!-- 
    Mapping file autogenerated by MyEclipse Persistence Tools
-->
<hibernate-mapping>
    <class name="com.entity.User" table="user" catalog="Library">
        <id name="userNo" type="java.lang.Integer">
            <column name="userNo" />
            <generator class="assigned"></generator>
        </id>
        <property name="userName" type="java.lang.String">
            <column name="userName" length="50" not-null="true" />
        </property>
        <property name="email" type="java.lang.String">
            <column name="email" length="50" not-null="true" />
        </property>
        <set name="borrows" inverse="true">
            <key>
                <column name="userNo" />
            </key>
            <one-to-many class="com.entity.Borrow" />
        </set>
    </class>
</hibernate-mapping>
